日期,单位净值,累计净值,基金代码,基金名称
2019-12-24 00:00:00,1.0959,1.0959,007048,平安安心灵活配置混合C
2019-12-23 00:00:00,1.0956,1.0956,007048,平安安心灵活配置混合C
2019-12-20 00:00:00,1.0996,1.0996,007048,平安安心灵活配置混合C
2019-12-19 00:00:00,1.1007,1.1007,007048,平安安心灵活配置混合C
2019-12-18 00:00:00,1.0992,1.0992,007048,平安安心灵活配置混合C
2019-12-17 00:00:00,1.0982,1.0982,007048,平安安心灵活配置混合C
2019-12-16 00:00:00,1.0923,1.0923,007048,平安安心灵活配置混合C
2019-12-13 00:00:00,1.0943,1.0943,007048,平安安心灵活配置混合C
2019-12-12 00:00:00,1.0851,1.0851,007048,平安安心灵活配置混合C
2019-12-11 00:00:00,1.0867,1.0867,007048,平安安心灵活配置混合C
2019-12-10 00:00:00,1.0796,1.0796,007048,平安安心灵活配置混合C
2019-12-09 00:00:00,1.0808,1.0808,007048,平安安心灵活配置混合C
2019-12-06 00:00:00,1.0816,1.0816,007048,平安安心灵活配置混合C
2019-12-05 00:00:00,1.08,1.08,007048,平安安心灵活配置混合C
2019-12-04 00:00:00,1.0771,1.0771,007048,平安安心灵活配置混合C
2019-12-03 00:00:00,1.0789,1.0789,007048,平安安心灵活配置混合C
2019-12-02 00:00:00,1.0771,1.0771,007048,平安安心灵活配置混合C
2019-11-29 00:00:00,1.0769,1.0769,007048,平安安心灵活配置混合C
2019-11-28 00:00:00,1.0803,1.0803,007048,平安安心灵活配置混合C
2019-11-27 00:00:00,1.0827,1.0827,007048,平安安心灵活配置混合C
2019-11-26 00:00:00,1.0817,1.0817,007048,平安安心灵活配置混合C
2019-12-24 00:00:00,1.0667,1.0667,007049,平安鑫安混合E
2019-12-23 00:00:00,1.0664,1.0664,007049,平安鑫安混合E
2019-12-20 00:00:00,1.0655,1.0655,007049,平安鑫安混合E
2019-12-19 00:00:00,1.0654,1.0654,007049,平安鑫安混合E
2019-12-18 00:00:00,1.0654,1.0654,007049,平安鑫安混合E
2019-12-17 00:00:00,1.0654,1.0654,007049,平安鑫安混合E
2019-12-16 00:00:00,1.0653,1.0653,007049,平安鑫安混合E
2019-12-13 00:00:00,1.0651,1.0651,007049,平安鑫安混合E
2019-12-12 00:00:00,1.065,1.065,007049,平安鑫安混合E
2019-12-11 00:00:00,1.065,1.065,007049,平安鑫安混合E
2019-12-10 00:00:00,1.0649,1.0649,007049,平安鑫安混合E
2019-12-09 00:00:00,1.0649,1.0649,007049,平安鑫安混合E
2019-12-06 00:00:00,1.0647,1.0647,007049,平安鑫安混合E
2019-12-05 00:00:00,1.0645,1.0645,007049,平安鑫安混合E
2019-12-04 00:00:00,1.0645,1.0645,007049,平安鑫安混合E
2019-12-03 00:00:00,1.0644,1.0644,007049,平安鑫安混合E
2019-12-02 00:00:00,1.0644,1.0644,007049,平安鑫安混合E
2019-11-29 00:00:00,1.0643,1.0643,007049,平安鑫安混合E
2019-11-28 00:00:00,1.0642,1.0642,007049,平安鑫安混合E
2019-11-27 00:00:00,1.0641,1.0641,007049,平安鑫安混合E
2019-11-26 00:00:00,1.0641,1.0641,007049,平安鑫安混合E
2019-12-24 00:00:00,1.0343,1.0843,007047,长城核心优势混合
2019-12-23 00:00:00,1.0298,1.0798,007047,长城核心优势混合
2019-12-20 00:00:00,1.0375,1.0875,007047,长城核心优势混合
2019-12-19 00:00:00,1.0396,1.0896,007047,长城核心优势混合
2019-12-18 00:00:00,1.0464,1.0964,007047,长城核心优势混合
2019-12-17 00:00:00,1.0488,1.0988,007047,长城核心优势混合
2019-12-16 00:00:00,1.0412,1.0912,007047,长城核心优势混合
2019-12-13 00:00:00,1.038,1.088,007047,长城核心优势混合
2019-12-12 00:00:00,1.0225,1.0725,007047,长城核心优势混合
2019-12-11 00:00:00,1.0275,1.0775,007047,长城核心优势混合
2019-12-10 00:00:00,1.0371,1.0871,007047,长城核心优势混合
2019-12-09 00:00:00,1.0343,1.0843,007047,长城核心优势混合
2019-12-06 00:00:00,1.0351,1.0851,007047,长城核心优势混合
2019-12-05 00:00:00,1.0199,1.0699,007047,长城核心优势混合
2019-12-04 00:00:00,1.0137,1.0637,007047,长城核心优势混合
2019-12-03 00:00:00,1.0098,1.0598,007047,长城核心优势混合
2019-12-02 00:00:00,1.0077,1.0577,007047,长城核心优势混合
2019-11-29 00:00:00,0.9993,1.0493,007047,长城核心优势混合
2019-11-28 00:00:00,1.0186,1.0686,007047,长城核心优势混合
2019-11-27 00:00:00,1.0209,1.0709,007047,长城核心优势混合
2019-11-26 00:00:00,1.022,1.072,007047,长城核心优势混合
2019-12-24 00:00:00,1.2443,1.2443,007046,方正富邦创新动力混合C
2019-12-23 00:00:00,1.2234,1.2234,007046,方正富邦创新动力混合C
2019-12-20 00:00:00,1.2437,1.2437,007046,方正富邦创新动力混合C
2019-12-19 00:00:00,1.255,1.255,007046,方正富邦创新动力混合C
2019-12-18 00:00:00,1.2473,1.2473,007046,方正富邦创新动力混合C
2019-12-17 00:00:00,1.2544,1.2544,007046,方正富邦创新动力混合C
2019-12-16 00:00:00,1.2362,1.2362,007046,方正富邦创新动力混合C
2019-12-13 00:00:00,1.2165,1.2165,007046,方正富邦创新动力混合C
2019-12-12 00:00:00,1.1979,1.1979,007046,方正富邦创新动力混合C
2019-12-11 00:00:00,1.2025,1.2025,007046,方正富邦创新动力混合C
2019-12-10 00:00:00,1.2032,1.2032,007046,方正富邦创新动力混合C
2019-12-09 00:00:00,1.2016,1.2016,007046,方正富邦创新动力混合C
2019-12-06 00:00:00,1.1908,1.1908,007046,方正富邦创新动力混合C
2019-12-05 00:00:00,1.1894,1.1894,007046,方正富邦创新动力混合C
2019-12-04 00:00:00,1.174,1.174,007046,方正富邦创新动力混合C
2019-12-03 00:00:00,1.1746,1.1746,007046,方正富邦创新动力混合C
2019-12-02 00:00:00,1.1718,1.1718,007046,方正富邦创新动力混合C
2019-11-29 00:00:00,1.1701,1.1701,007046,方正富邦创新动力混合C
2019-11-28 00:00:00,1.173,1.173,007046,方正富邦创新动力混合C
2019-11-27 00:00:00,1.1705,1.1705,007046,方正富邦创新动力混合C
2019-11-26 00:00:00,1.1724,1.1724,007046,方正富邦创新动力混合C
2019-12-24 00:00:00,1.1188,1.1188,007044,博道沪深300增强A
2019-12-23 00:00:00,1.1138,1.1138,007044,博道沪深300增强A
2019-12-20 00:00:00,1.1263,1.1263,007044,博道沪深300增强A
2019-12-19 00:00:00,1.1267,1.1267,007044,博道沪深300增强A
2019-12-18 00:00:00,1.1268,1.1268,007044,博道沪深300增强A
2019-12-17 00:00:00,1.1302,1.1302,007044,博道沪深300增强A
2019-12-16 00:00:00,1.1169,1.1169,007044,博道沪深300增强A
2019-12-13 00:00:00,1.1133,1.1133,007044,博道沪深300增强A
2019-12-12 00:00:00,1.0943,1.0943,007044,博道沪深300增强A
2019-12-11 00:00:00,1.0968,1.0968,007044,博道沪深300增强A
2019-12-10 00:00:00,1.0944,1.0944,007044,博道沪深300增强A
2019-12-09 00:00:00,1.0934,1.0934,007044,博道沪深300增强A
2019-12-06 00:00:00,1.0948,1.0948,007044,博道沪深300增强A
2019-12-05 00:00:00,1.0869,1.0869,007044,博道沪深300增强A
2019-12-04 00:00:00,1.0777,1.0777,007044,博道沪深300增强A
2019-12-03 00:00:00,1.0784,1.0784,007044,博道沪深300增强A
2019-12-02 00:00:00,1.0747,1.0747,007044,博道沪深300增强A
2019-11-29 00:00:00,1.0723,1.0723,007044,博道沪深300增强A
2019-11-28 00:00:00,1.0824,1.0824,007044,博道沪深300增强A
2019-11-27 00:00:00,1.0855,1.0855,007044,博道沪深300增强A
2019-11-26 00:00:00,1.09,1.09,007044,博道沪深300增强A
2019-12-24 00:00:00,1.1159,1.1159,007045,博道沪深300增强C
2019-12-23 00:00:00,1.1109,1.1109,007045,博道沪深300增强C
2019-12-20 00:00:00,1.1234,1.1234,007045,博道沪深300增强C
2019-12-19 00:00:00,1.1238,1.1238,007045,博道沪深300增强C
2019-12-18 00:00:00,1.124,1.124,007045,博道沪深300增强C
2019-12-17 00:00:00,1.1273,1.1273,007045,博道沪深300增强C
2019-12-16 00:00:00,1.1141,1.1141,007045,博道沪深300增强C
2019-12-13 00:00:00,1.1105,1.1105,007045,博道沪深300增强C
2019-12-12 00:00:00,1.0916,1.0916,007045,博道沪深300增强C
2019-12-11 00:00:00,1.0941,1.0941,007045,博道沪深300增强C
2019-12-10 00:00:00,1.0917,1.0917,007045,博道沪深300增强C
2019-12-09 00:00:00,1.0907,1.0907,007045,博道沪深300增强C
2019-12-06 00:00:00,1.0921,1.0921,007045,博道沪深300增强C
2019-12-05 00:00:00,1.0842,1.0842,007045,博道沪深300增强C
2019-12-04 00:00:00,1.0751,1.0751,007045,博道沪深300增强C
2019-12-03 00:00:00,1.0758,1.0758,007045,博道沪深300增强C
2019-12-02 00:00:00,1.0721,1.0721,007045,博道沪深300增强C
2019-11-29 00:00:00,1.0698,1.0698,007045,博道沪深300增强C
2019-11-28 00:00:00,1.0799,1.0799,007045,博道沪深300增强C
2019-11-27 00:00:00,1.083,1.083,007045,博道沪深300增强C
2019-11-26 00:00:00,1.0875,1.0875,007045,博道沪深300增强C
2019-12-24 00:00:00,1.0082,1.0165,007051,招商中债3-5年国开行指数A
2019-12-23 00:00:00,1.0077,1.016,007051,招商中债3-5年国开行指数A
2019-12-20 00:00:00,1.0066,1.0149,007051,招商中债3-5年国开行指数A
2019-12-19 00:00:00,1.0056,1.0139,007051,招商中债3-5年国开行指数A
2019-12-18 00:00:00,1.0051,1.0134,007051,招商中债3-5年国开行指数A
2019-12-17 00:00:00,1.0049,1.0132,007051,招商中债3-5年国开行指数A
2019-12-16 00:00:00,1.0053,1.0136,007051,招商中债3-5年国开行指数A
2019-12-13 00:00:00,1.0052,1.0135,007051,招商中债3-5年国开行指数A
2019-12-12 00:00:00,1.0052,1.0135,007051,招商中债3-5年国开行指数A
2019-12-11 00:00:00,1.0044,1.0127,007051,招商中债3-5年国开行指数A
2019-12-10 00:00:00,1.0041,1.0124,007051,招商中债3-5年国开行指数A
2019-12-09 00:00:00,1.0037,1.012,007051,招商中债3-5年国开行指数A
2019-12-06 00:00:00,1.0036,1.0119,007051,招商中债3-5年国开行指数A
2019-12-05 00:00:00,1.004,1.0123,007051,招商中债3-5年国开行指数A
2019-12-04 00:00:00,1.0038,1.0121,007051,招商中债3-5年国开行指数A
2019-12-03 00:00:00,1.0035,1.0118,007051,招商中债3-5年国开行指数A
2019-12-02 00:00:00,1.003,1.0113,007051,招商中债3-5年国开行指数A
2019-11-29 00:00:00,1.0075,1.0118,007051,招商中债3-5年国开行指数A
2019-11-28 00:00:00,1.0071,1.0114,007051,招商中债3-5年国开行指数A
2019-11-27 00:00:00,1.0068,1.0111,007051,招商中债3-5年国开行指数A
2019-11-26 00:00:00,1.0068,1.0111,007051,招商中债3-5年国开行指数A
2019-12-24 00:00:00,1.0079,1.0161,007052,招商中债3-5年国开行指数C
2019-12-23 00:00:00,1.0074,1.0156,007052,招商中债3-5年国开行指数C
2019-12-20 00:00:00,1.0063,1.0145,007052,招商中债3-5年国开行指数C
2019-12-19 00:00:00,1.0053,1.0135,007052,招商中债3-5年国开行指数C
2019-12-18 00:00:00,1.0048,1.013,007052,招商中债3-5年国开行指数C
2019-12-17 00:00:00,1.0046,1.0128,007052,招商中债3-5年国开行指数C
2019-12-16 00:00:00,1.005,1.0132,007052,招商中债3-5年国开行指数C
2019-12-13 00:00:00,1.0049,1.0131,007052,招商中债3-5年国开行指数C
2019-12-12 00:00:00,1.0049,1.0131,007052,招商中债3-5年国开行指数C
2019-12-11 00:00:00,1.0041,1.0123,007052,招商中债3-5年国开行指数C
2019-12-10 00:00:00,1.0038,1.012,007052,招商中债3-5年国开行指数C
2019-12-09 00:00:00,1.0034,1.0116,007052,招商中债3-5年国开行指数C
2019-12-06 00:00:00,1.0034,1.0116,007052,招商中债3-5年国开行指数C
2019-12-05 00:00:00,1.0037,1.0119,007052,招商中债3-5年国开行指数C
2019-12-04 00:00:00,1.0035,1.0117,007052,招商中债3-5年国开行指数C
2019-12-03 00:00:00,1.0032,1.0114,007052,招商中债3-5年国开行指数C
2019-12-02 00:00:00,1.0028,1.011,007052,招商中债3-5年国开行指数C
2019-11-29 00:00:00,1.0073,1.0115,007052,招商中债3-5年国开行指数C
2019-11-28 00:00:00,1.0068,1.011,007052,招商中债3-5年国开行指数C
2019-11-27 00:00:00,1.0066,1.0108,007052,招商中债3-5年国开行指数C
2019-11-26 00:00:00,1.0066,1.0108,007052,招商中债3-5年国开行指数C
2019-12-24 00:00:00,1.0193,1.0193,007057,中泰蓝月短债债券A
2019-12-23 00:00:00,1.0193,1.0193,007057,中泰蓝月短债债券A
2019-12-20 00:00:00,1.0189,1.0189,007057,中泰蓝月短债债券A
2019-12-19 00:00:00,1.019,1.019,007057,中泰蓝月短债债券A
2019-12-18 00:00:00,1.0189,1.0189,007057,中泰蓝月短债债券A
2019-12-17 00:00:00,1.0189,1.0189,007057,中泰蓝月短债债券A
2019-12-16 00:00:00,1.0189,1.0189,007057,中泰蓝月短债债券A
2019-12-13 00:00:00,1.0186,1.0186,007057,中泰蓝月短债债券A
2019-12-12 00:00:00,1.0186,1.0186,007057,中泰蓝月短债债券A
2019-12-11 00:00:00,1.0185,1.0185,007057,中泰蓝月短债债券A
2019-12-10 00:00:00,1.0184,1.0184,007057,中泰蓝月短债债券A
2019-12-09 00:00:00,1.0183,1.0183,007057,中泰蓝月短债债券A
2019-12-06 00:00:00,1.0181,1.0181,007057,中泰蓝月短债债券A
2019-12-05 00:00:00,1.018,1.018,007057,中泰蓝月短债债券A
2019-12-04 00:00:00,1.0179,1.0179,007057,中泰蓝月短债债券A
2019-12-03 00:00:00,1.0178,1.0178,007057,中泰蓝月短债债券A
2019-12-02 00:00:00,1.0178,1.0178,007057,中泰蓝月短债债券A
2019-11-29 00:00:00,1.0176,1.0176,007057,中泰蓝月短债债券A
2019-11-28 00:00:00,1.0174,1.0174,007057,中泰蓝月短债债券A
2019-11-27 00:00:00,1.0174,1.0174,007057,中泰蓝月短债债券A
2019-11-26 00:00:00,1.0172,1.0172,007057,中泰蓝月短债债券A
2019-12-24 00:00:00,1.0203,1.0203,007058,中泰蓝月短债债券C
2019-12-23 00:00:00,1.0202,1.0202,007058,中泰蓝月短债债券C
2019-12-20 00:00:00,1.0199,1.0199,007058,中泰蓝月短债债券C
2019-12-19 00:00:00,1.0199,1.0199,007058,中泰蓝月短债债券C
2019-12-18 00:00:00,1.0199,1.0199,007058,中泰蓝月短债债券C
2019-12-17 00:00:00,1.0198,1.0198,007058,中泰蓝月短债债券C
2019-12-16 00:00:00,1.0198,1.0198,007058,中泰蓝月短债债券C
2019-12-13 00:00:00,1.0196,1.0196,007058,中泰蓝月短债债券C
2019-12-12 00:00:00,1.0195,1.0195,007058,中泰蓝月短债债券C
2019-12-11 00:00:00,1.0195,1.0195,007058,中泰蓝月短债债券C
2019-12-10 00:00:00,1.0194,1.0194,007058,中泰蓝月短债债券C
2019-12-09 00:00:00,1.0193,1.0193,007058,中泰蓝月短债债券C
2019-12-06 00:00:00,1.0191,1.0191,007058,中泰蓝月短债债券C
2019-12-05 00:00:00,1.019,1.019,007058,中泰蓝月短债债券C
2019-12-04 00:00:00,1.019,1.019,007058,中泰蓝月短债债券C
2019-12-03 00:00:00,1.0188,1.0188,007058,中泰蓝月短债债券C
2019-12-02 00:00:00,1.0188,1.0188,007058,中泰蓝月短债债券C
2019-11-29 00:00:00,1.0186,1.0186,007058,中泰蓝月短债债券C
2019-11-28 00:00:00,1.0185,1.0185,007058,中泰蓝月短债债券C
2019-11-27 00:00:00,1.0184,1.0184,007058,中泰蓝月短债债券C
2019-11-26 00:00:00,1.0183,1.0183,007058,中泰蓝月短债债券C
2019-12-24 00:00:00,1.0814,1.0814,007056,银华积极精选混合
2019-12-23 00:00:00,1.0726,1.0726,007056,银华积极精选混合
2019-12-20 00:00:00,1.0888,1.0888,007056,银华积极精选混合
2019-12-19 00:00:00,1.0928,1.0928,007056,银华积极精选混合
2019-12-18 00:00:00,1.0984,1.0984,007056,银华积极精选混合
2019-12-17 00:00:00,1.1035,1.1035,007056,银华积极精选混合
2019-12-16 00:00:00,1.0962,1.0962,007056,银华积极精选混合
2019-12-13 00:00:00,1.0824,1.0824,007056,银华积极精选混合
2019-12-12 00:00:00,1.0678,1.0678,007056,银华积极精选混合
2019-12-11 00:00:00,1.0702,1.0702,007056,银华积极精选混合
2019-12-10 00:00:00,1.0717,1.0717,007056,银华积极精选混合
2019-12-09 00:00:00,1.0628,1.0628,007056,银华积极精选混合
2019-12-06 00:00:00,1.0709,1.0709,007056,银华积极精选混合
2019-12-05 00:00:00,1.0586,1.0586,007056,银华积极精选混合
2019-12-04 00:00:00,1.0469,1.0469,007056,银华积极精选混合
2019-12-03 00:00:00,1.0439,1.0439,007056,银华积极精选混合
2019-12-02 00:00:00,1.0413,1.0413,007056,银华积极精选混合
2019-11-29 00:00:00,1.0451,1.0451,007056,银华积极精选混合
2019-11-28 00:00:00,1.0617,1.0617,007056,银华积极精选混合
2019-11-27 00:00:00,1.0619,1.0619,007056,银华积极精选混合
2019-11-26 00:00:00,1.0639,1.0639,007056,银华积极精选混合
2019-12-24 00:00:00,1.0156,1.0156,007055,平安季开鑫定开债E
2019-12-23 00:00:00,1.0153,1.0153,007055,平安季开鑫定开债E
2019-12-20 00:00:00,1.0152,1.0152,007055,平安季开鑫定开债E
2019-12-19 00:00:00,1.0154,1.0154,007055,平安季开鑫定开债E
2019-12-18 00:00:00,1.0153,1.0153,007055,平安季开鑫定开债E
2019-12-17 00:00:00,1.0152,1.0152,007055,平安季开鑫定开债E
2019-12-16 00:00:00,1.0149,1.0149,007055,平安季开鑫定开债E
2019-12-13 00:00:00,1.0148,1.0148,007055,平安季开鑫定开债E
2019-12-12 00:00:00,1.0153,1.0153,007055,平安季开鑫定开债E
2019-12-11 00:00:00,1.015,1.015,007055,平安季开鑫定开债E
2019-12-10 00:00:00,1.0149,1.0149,007055,平安季开鑫定开债E
2019-12-09 00:00:00,1.0149,1.0149,007055,平安季开鑫定开债E
2019-12-06 00:00:00,1.0145,1.0145,007055,平安季开鑫定开债E
2019-12-05 00:00:00,1.0143,1.0143,007055,平安季开鑫定开债E
2019-12-04 00:00:00,1.0142,1.0142,007055,平安季开鑫定开债E
2019-12-03 00:00:00,1.014,1.014,007055,平安季开鑫定开债E
2019-12-02 00:00:00,1.0141,1.0141,007055,平安季开鑫定开债E
2019-11-29 00:00:00,1.0143,1.0143,007055,平安季开鑫定开债E
2019-11-28 00:00:00,1.0146,1.0146,007055,平安季开鑫定开债E
2019-11-27 00:00:00,1.0144,1.0144,007055,平安季开鑫定开债E
2019-11-26 00:00:00,1.0145,1.0145,007055,平安季开鑫定开债E
2019-12-24 00:00:00,1.0165,1.0165,007053,平安季开鑫定开债A
2019-12-23 00:00:00,1.0162,1.0162,007053,平安季开鑫定开债A
2019-12-20 00:00:00,1.0161,1.0161,007053,平安季开鑫定开债A
2019-12-19 00:00:00,1.0163,1.0163,007053,平安季开鑫定开债A
2019-12-18 00:00:00,1.0162,1.0162,007053,平安季开鑫定开债A
2019-12-17 00:00:00,1.0161,1.0161,007053,平安季开鑫定开债A
2019-12-16 00:00:00,1.0158,1.0158,007053,平安季开鑫定开债A
2019-12-13 00:00:00,1.0157,1.0157,007053,平安季开鑫定开债A
2019-12-12 00:00:00,1.0162,1.0162,007053,平安季开鑫定开债A
2019-12-11 00:00:00,1.0159,1.0159,007053,平安季开鑫定开债A
2019-12-10 00:00:00,1.0157,1.0157,007053,平安季开鑫定开债A
2019-12-09 00:00:00,1.0157,1.0157,007053,平安季开鑫定开债A
2019-12-06 00:00:00,1.0153,1.0153,007053,平安季开鑫定开债A
2019-12-05 00:00:00,1.0151,1.0151,007053,平安季开鑫定开债A
2019-12-04 00:00:00,1.015,1.015,007053,平安季开鑫定开债A
2019-12-03 00:00:00,1.0148,1.0148,007053,平安季开鑫定开债A
2019-12-02 00:00:00,1.0149,1.0149,007053,平安季开鑫定开债A
2019-11-29 00:00:00,1.015,1.015,007053,平安季开鑫定开债A
2019-11-28 00:00:00,1.0154,1.0154,007053,平安季开鑫定开债A
2019-11-27 00:00:00,1.0152,1.0152,007053,平安季开鑫定开债A
2019-11-26 00:00:00,1.0152,1.0152,007053,平安季开鑫定开债A
2019-12-24 00:00:00,1.0164,1.0164,007054,平安季开鑫定开债C
2019-12-23 00:00:00,1.0162,1.0162,007054,平安季开鑫定开债C
2019-12-20 00:00:00,1.0161,1.0161,007054,平安季开鑫定开债C
2019-12-19 00:00:00,1.0162,1.0162,007054,平安季开鑫定开债C
2019-12-18 00:00:00,1.0161,1.0161,007054,平安季开鑫定开债C
2019-12-17 00:00:00,1.016,1.016,007054,平安季开鑫定开债C
2019-12-16 00:00:00,1.0158,1.0158,007054,平安季开鑫定开债C
2019-12-13 00:00:00,1.0156,1.0156,007054,平安季开鑫定开债C
2019-12-12 00:00:00,1.0161,1.0161,007054,平安季开鑫定开债C
2019-12-11 00:00:00,1.0158,1.0158,007054,平安季开鑫定开债C
2019-12-10 00:00:00,1.0156,1.0156,007054,平安季开鑫定开债C
2019-12-09 00:00:00,1.0157,1.0157,007054,平安季开鑫定开债C
2019-12-06 00:00:00,1.0152,1.0152,007054,平安季开鑫定开债C
2019-12-05 00:00:00,1.0151,1.0151,007054,平安季开鑫定开债C
2019-12-04 00:00:00,1.0149,1.0149,007054,平安季开鑫定开债C
2019-12-03 00:00:00,1.0148,1.0148,007054,平安季开鑫定开债C
2019-12-02 00:00:00,1.0148,1.0148,007054,平安季开鑫定开债C
2019-11-29 00:00:00,1.015,1.015,007054,平安季开鑫定开债C
2019-11-28 00:00:00,1.0154,1.0154,007054,平安季开鑫定开债C
2019-11-27 00:00:00,1.0152,1.0152,007054,平安季开鑫定开债C
2019-11-26 00:00:00,1.0152,1.0152,007054,平安季开鑫定开债C
2019-12-24 00:00:00,1.4328,1.4328,007043,前海联合泓鑫混合C
2019-12-23 00:00:00,1.4191,1.4191,007043,前海联合泓鑫混合C
2019-12-20 00:00:00,1.4276,1.4276,007043,前海联合泓鑫混合C
2019-12-19 00:00:00,1.4377,1.4377,007043,前海联合泓鑫混合C
2019-12-18 00:00:00,1.4504,1.4504,007043,前海联合泓鑫混合C
2019-12-17 00:00:00,1.4595,1.4595,007043,前海联合泓鑫混合C
2019-12-16 00:00:00,1.4417,1.4417,007043,前海联合泓鑫混合C
2019-12-13 00:00:00,1.4442,1.4442,007043,前海联合泓鑫混合C
2019-12-12 00:00:00,1.4206,1.4206,007043,前海联合泓鑫混合C
2019-12-11 00:00:00,1.4243,1.4243,007043,前海联合泓鑫混合C
2019-12-10 00:00:00,1.4259,1.4259,007043,前海联合泓鑫混合C
2019-12-09 00:00:00,1.4138,1.4138,007043,前海联合泓鑫混合C
2019-12-06 00:00:00,1.4229,1.4229,007043,前海联合泓鑫混合C
2019-12-05 00:00:00,1.4098,1.4098,007043,前海联合泓鑫混合C
2019-12-04 00:00:00,1.3941,1.3941,007043,前海联合泓鑫混合C
2019-12-03 00:00:00,1.3866,1.3866,007043,前海联合泓鑫混合C
2019-12-02 00:00:00,1.3791,1.3791,007043,前海联合泓鑫混合C
2019-11-29 00:00:00,1.3754,1.3754,007043,前海联合泓鑫混合C
2019-11-28 00:00:00,1.3898,1.3898,007043,前海联合泓鑫混合C
2019-11-27 00:00:00,1.3893,1.3893,007043,前海联合泓鑫混合C
2019-11-26 00:00:00,1.3887,1.3887,007043,前海联合泓鑫混合C
2019-12-24 00:00:00,1.0019,1.0019,007042,前海联合泳隽混合C
2019-12-23 00:00:00,0.9861,0.9861,007042,前海联合泳隽混合C
2019-12-20 00:00:00,1.0087,1.0087,007042,前海联合泳隽混合C
2019-12-19 00:00:00,1.0157,1.0157,007042,前海联合泳隽混合C
2019-12-18 00:00:00,1.0211,1.0211,007042,前海联合泳隽混合C
2019-12-17 00:00:00,1.0194,1.0194,007042,前海联合泳隽混合C
2019-12-16 00:00:00,1.0087,1.0087,007042,前海联合泳隽混合C
2019-12-13 00:00:00,0.9849,0.9849,007042,前海联合泳隽混合C
2019-12-12 00:00:00,0.9768,0.9768,007042,前海联合泳隽混合C
2019-12-11 00:00:00,0.9755,0.9755,007042,前海联合泳隽混合C
2019-12-10 00:00:00,0.9858,0.9858,007042,前海联合泳隽混合C
2019-12-09 00:00:00,0.9701,0.9701,007042,前海联合泳隽混合C
2019-12-06 00:00:00,0.9558,0.9558,007042,前海联合泳隽混合C
2019-12-05 00:00:00,0.9362,0.9362,007042,前海联合泳隽混合C
2019-12-04 00:00:00,0.9185,0.9185,007042,前海联合泳隽混合C
2019-12-03 00:00:00,0.911,0.911,007042,前海联合泳隽混合C
2019-12-02 00:00:00,0.9072,0.9072,007042,前海联合泳隽混合C
2019-11-29 00:00:00,0.8925,0.8925,007042,前海联合泳隽混合C
2019-11-28 00:00:00,0.894,0.894,007042,前海联合泳隽混合C
2019-11-27 00:00:00,0.8966,0.8966,007042,前海联合泳隽混合C
2019-11-26 00:00:00,0.8946,0.8946,007042,前海联合泳隽混合C
2019-12-24 00:00:00,1.0269,1.0269,007033,平安可转债债券C
2019-12-23 00:00:00,1.0209,1.0209,007033,平安可转债债券C
2019-12-20 00:00:00,1.0276,1.0276,007033,平安可转债债券C
2019-12-19 00:00:00,1.0304,1.0304,007033,平安可转债债券C
2019-12-18 00:00:00,1.0338,1.0338,007033,平安可转债债券C
2019-12-17 00:00:00,1.0331,1.0331,007033,平安可转债债券C
2019-12-16 00:00:00,1.0267,1.0267,007033,平安可转债债券C
2019-12-13 00:00:00,1.0173,1.0173,007033,平安可转债债券C
2019-12-12 00:00:00,1.0088,1.0088,007033,平安可转债债券C
2019-12-11 00:00:00,1.0081,1.0081,007033,平安可转债债券C
2019-12-10 00:00:00,1.0064,1.0064,007033,平安可转债债券C
2019-12-09 00:00:00,1.0041,1.0041,007033,平安可转债债券C
2019-12-06 00:00:00,1.0038,1.0038,007033,平安可转债债券C
2019-12-05 00:00:00,1.0019,1.0019,007033,平安可转债债券C
2019-12-04 00:00:00,0.9985,0.9985,007033,平安可转债债券C
2019-12-03 00:00:00,0.999,0.999,007033,平安可转债债券C
2019-12-02 00:00:00,0.9986,0.9986,007033,平安可转债债券C
2019-11-29 00:00:00,0.9989,0.9989,007033,平安可转债债券C
2019-11-28 00:00:00,1.0006,1.0006,007033,平安可转债债券C
2019-11-27 00:00:00,1.0015,1.0015,007033,平安可转债债券C
2019-11-26 00:00:00,1.0026,1.0026,007033,平安可转债债券C
2019-12-24 00:00:00,1.0134,1.0907,007034,中科沃土沃安中短利率债券C
2019-12-23 00:00:00,1.0131,1.0904,007034,中科沃土沃安中短利率债券C
2019-12-20 00:00:00,1.0127,1.09,007034,中科沃土沃安中短利率债券C
2019-12-19 00:00:00,1.0123,1.0896,007034,中科沃土沃安中短利率债券C
2019-12-18 00:00:00,1.0122,1.0895,007034,中科沃土沃安中短利率债券C
2019-12-17 00:00:00,1.012,1.0893,007034,中科沃土沃安中短利率债券C
2019-12-16 00:00:00,1.0121,1.0894,007034,中科沃土沃安中短利率债券C
2019-12-13 00:00:00,1.0121,1.0894,007034,中科沃土沃安中短利率债券C
2019-12-12 00:00:00,1.0121,1.0894,007034,中科沃土沃安中短利率债券C
2019-12-11 00:00:00,1.0114,1.0887,007034,中科沃土沃安中短利率债券C
2019-12-10 00:00:00,1.0114,1.0887,007034,中科沃土沃安中短利率债券C
2019-12-09 00:00:00,1.0114,1.0887,007034,中科沃土沃安中短利率债券C
2019-12-06 00:00:00,1.0114,1.0887,007034,中科沃土沃安中短利率债券C
2019-12-05 00:00:00,1.0111,1.0884,007034,中科沃土沃安中短利率债券C
2019-12-04 00:00:00,1.0111,1.0884,007034,中科沃土沃安中短利率债券C
2019-12-03 00:00:00,1.011,1.0883,007034,中科沃土沃安中短利率债券C
2019-12-02 00:00:00,1.0111,1.0884,007034,中科沃土沃安中短利率债券C
2019-11-29 00:00:00,1.0107,1.088,007034,中科沃土沃安中短利率债券C
2019-11-28 00:00:00,1.0105,1.0878,007034,中科沃土沃安中短利率债券C
2019-11-27 00:00:00,1.0104,1.0877,007034,中科沃土沃安中短利率债券C
2019-11-26 00:00:00,1.0104,1.0877,007034,中科沃土沃安中短利率债券C
2019-12-24 00:00:00,1.0284,1.0284,007032,平安可转债债券A
2019-12-23 00:00:00,1.0224,1.0224,007032,平安可转债债券A
2019-12-20 00:00:00,1.0291,1.0291,007032,平安可转债债券A
2019-12-19 00:00:00,1.0318,1.0318,007032,平安可转债债券A
2019-12-18 00:00:00,1.0353,1.0353,007032,平安可转债债券A
2019-12-17 00:00:00,1.0345,1.0345,007032,平安可转债债券A
2019-12-16 00:00:00,1.0281,1.0281,007032,平安可转债债券A
2019-12-13 00:00:00,1.0187,1.0187,007032,平安可转债债券A
2019-12-12 00:00:00,1.0101,1.0101,007032,平安可转债债券A
2019-12-11 00:00:00,1.0094,1.0094,007032,平安可转债债券A
2019-12-10 00:00:00,1.0077,1.0077,007032,平安可转债债券A
2019-12-09 00:00:00,1.0054,1.0054,007032,平安可转债债券A
2019-12-06 00:00:00,1.005,1.005,007032,平安可转债债券A
2019-12-05 00:00:00,1.0031,1.0031,007032,平安可转债债券A
2019-12-04 00:00:00,0.9998,0.9998,007032,平安可转债债券A
2019-12-03 00:00:00,1.0002,1.0002,007032,平安可转债债券A
2019-12-02 00:00:00,0.9998,0.9998,007032,平安可转债债券A
2019-11-29 00:00:00,1.0001,1.0001,007032,平安可转债债券A
2019-11-28 00:00:00,1.0017,1.0017,007032,平安可转债债券A
2019-11-27 00:00:00,1.0026,1.0026,007032,平安可转债债券A
2019-11-26 00:00:00,1.0037,1.0037,007032,平安可转债债券A
2019-12-24 00:00:00,1.014,1.014,007031,银华安享短债债券C
2019-12-23 00:00:00,1.0138,1.0138,007031,银华安享短债债券C
2019-12-20 00:00:00,1.0134,1.0134,007031,银华安享短债债券C
2019-12-19 00:00:00,1.0133,1.0133,007031,银华安享短债债券C
2019-12-18 00:00:00,1.0132,1.0132,007031,银华安享短债债券C
2019-12-17 00:00:00,1.0132,1.0132,007031,银华安享短债债券C
2019-12-16 00:00:00,1.0131,1.0131,007031,银华安享短债债券C
2019-12-13 00:00:00,1.013,1.013,007031,银华安享短债债券C
2019-12-12 00:00:00,1.013,1.013,007031,银华安享短债债券C
2019-12-11 00:00:00,1.0128,1.0128,007031,银华安享短债债券C
2019-12-10 00:00:00,1.0128,1.0128,007031,银华安享短债债券C
2019-12-09 00:00:00,1.0128,1.0128,007031,银华安享短债债券C
2019-12-06 00:00:00,1.0126,1.0126,007031,银华安享短债债券C
2019-12-05 00:00:00,1.0126,1.0126,007031,银华安享短债债券C
2019-12-04 00:00:00,1.0125,1.0125,007031,银华安享短债债券C
2019-12-03 00:00:00,1.0125,1.0125,007031,银华安享短债债券C
2019-12-02 00:00:00,1.0126,1.0126,007031,银华安享短债债券C
2019-11-29 00:00:00,1.0124,1.0124,007031,银华安享短债债券C
2019-11-28 00:00:00,1.0124,1.0124,007031,银华安享短债债券C
2019-11-27 00:00:00,1.0124,1.0124,007031,银华安享短债债券C
2019-11-26 00:00:00,1.0124,1.0124,007031,银华安享短债债券C
2019-12-24 00:00:00,1.0185,1.0185,007029,易方达中证500ETF联接发起式C
2019-12-23 00:00:00,1.0047,1.0047,007029,易方达中证500ETF联接发起式C
2019-12-20 00:00:00,1.0241,1.0241,007029,易方达中证500ETF联接发起式C
2019-12-19 00:00:00,1.0341,1.0341,007029,易方达中证500ETF联接发起式C
2019-12-18 00:00:00,1.0328,1.0328,007029,易方达中证500ETF联接发起式C
2019-12-17 00:00:00,1.0333,1.0333,007029,易方达中证500ETF联接发起式C
2019-12-16 00:00:00,1.0198,1.0198,007029,易方达中证500ETF联接发起式C
2019-12-13 00:00:00,1.003,1.003,007029,易方达中证500ETF联接发起式C
2019-12-12 00:00:00,0.992,0.992,007029,易方达中证500ETF联接发起式C
2019-12-11 00:00:00,0.9945,0.9945,007029,易方达中证500ETF联接发起式C
2019-12-10 00:00:00,0.9983,0.9983,007029,易方达中证500ETF联接发起式C
2019-12-09 00:00:00,0.9935,0.9935,007029,易方达中证500ETF联接发起式C
2019-12-06 00:00:00,0.9906,0.9906,007029,易方达中证500ETF联接发起式C
2019-12-05 00:00:00,0.9826,0.9826,007029,易方达中证500ETF联接发起式C
2019-12-04 00:00:00,0.9736,0.9736,007029,易方达中证500ETF联接发起式C
2019-12-03 00:00:00,0.9745,0.9745,007029,易方达中证500ETF联接发起式C
2019-12-02 00:00:00,0.9707,0.9707,007029,易方达中证500ETF联接发起式C
2019-11-29 00:00:00,0.9686,0.9686,007029,易方达中证500ETF联接发起式C
2019-11-28 00:00:00,0.9676,0.9676,007029,易方达中证500ETF联接发起式C
2019-11-27 00:00:00,0.9701,0.9701,007029,易方达中证500ETF联接发起式C
2019-11-26 00:00:00,0.9665,0.9665,007029,易方达中证500ETF联接发起式C
2019-12-24 00:00:00,1.0158,1.0158,007030,银华安享短债债券A
2019-12-23 00:00:00,1.0156,1.0156,007030,银华安享短债债券A
2019-12-20 00:00:00,1.0152,1.0152,007030,银华安享短债债券A
2019-12-19 00:00:00,1.0151,1.0151,007030,银华安享短债债券A
2019-12-18 00:00:00,1.015,1.015,007030,银华安享短债债券A
2019-12-17 00:00:00,1.0149,1.0149,007030,银华安享短债债券A
2019-12-16 00:00:00,1.0149,1.0149,007030,银华安享短债债券A
2019-12-13 00:00:00,1.0148,1.0148,007030,银华安享短债债券A
2019-12-12 00:00:00,1.0147,1.0147,007030,银华安享短债债券A
2019-12-11 00:00:00,1.0146,1.0146,007030,银华安享短债债券A
2019-12-10 00:00:00,1.0145,1.0145,007030,银华安享短债债券A
2019-12-09 00:00:00,1.0145,1.0145,007030,银华安享短债债券A
2019-12-06 00:00:00,1.0143,1.0143,007030,银华安享短债债券A
2019-12-05 00:00:00,1.0143,1.0143,007030,银华安享短债债券A
2019-12-04 00:00:00,1.0142,1.0142,007030,银华安享短债债券A
2019-12-03 00:00:00,1.0142,1.0142,007030,银华安享短债债券A
2019-12-02 00:00:00,1.0143,1.0143,007030,银华安享短债债券A
2019-11-29 00:00:00,1.014,1.014,007030,银华安享短债债券A
2019-11-28 00:00:00,1.014,1.014,007030,银华安享短债债券A
2019-11-27 00:00:00,1.014,1.014,007030,银华安享短债债券A
2019-11-26 00:00:00,1.014,1.014,007030,银华安享短债债券A
2019-12-24 00:00:00,1.0136,1.0293,007035,中银中债1-3年期国开行债券指数
2019-12-23 00:00:00,1.013,1.0287,007035,中银中债1-3年期国开行债券指数
2019-12-20 00:00:00,1.0118,1.0275,007035,中银中债1-3年期国开行债券指数
2019-12-19 00:00:00,1.0115,1.0272,007035,中银中债1-3年期国开行债券指数
2019-12-18 00:00:00,1.0112,1.0269,007035,中银中债1-3年期国开行债券指数
2019-12-17 00:00:00,1.011,1.0267,007035,中银中债1-3年期国开行债券指数
2019-12-16 00:00:00,1.0111,1.0268,007035,中银中债1-3年期国开行债券指数
2019-12-13 00:00:00,1.0108,1.0265,007035,中银中债1-3年期国开行债券指数
2019-12-12 00:00:00,1.0108,1.0265,007035,中银中债1-3年期国开行债券指数
2019-12-11 00:00:00,1.0104,1.0261,007035,中银中债1-3年期国开行债券指数
2019-12-10 00:00:00,1.0103,1.026,007035,中银中债1-3年期国开行债券指数
2019-12-09 00:00:00,1.0101,1.0258,007035,中银中债1-3年期国开行债券指数
2019-12-06 00:00:00,1.0099,1.0256,007035,中银中债1-3年期国开行债券指数
2019-12-05 00:00:00,1.0174,1.0254,007035,中银中债1-3年期国开行债券指数
2019-12-04 00:00:00,1.0173,1.0253,007035,中银中债1-3年期国开行债券指数
2019-12-03 00:00:00,1.0172,1.0252,007035,中银中债1-3年期国开行债券指数
2019-12-02 00:00:00,1.0171,1.0251,007035,中银中债1-3年期国开行债券指数
2019-11-29 00:00:00,1.017,1.025,007035,中银中债1-3年期国开行债券指数
2019-11-28 00:00:00,1.0168,1.0248,007035,中银中债1-3年期国开行债券指数
2019-11-27 00:00:00,1.0166,1.0246,007035,中银中债1-3年期国开行债券指数
2019-11-26 00:00:00,1.0163,1.0243,007035,中银中债1-3年期国开行债券指数
2019-12-24 00:00:00,1.2524,1.2874,007036,前海联合永兴纯债C
2019-12-23 00:00:00,1.251,1.286,007036,前海联合永兴纯债C
2019-12-20 00:00:00,1.2502,1.2852,007036,前海联合永兴纯债C
2019-12-19 00:00:00,1.2486,1.2836,007036,前海联合永兴纯债C
2019-12-18 00:00:00,1.2482,1.2832,007036,前海联合永兴纯债C
2019-12-17 00:00:00,1.2479,1.2829,007036,前海联合永兴纯债C
2019-12-16 00:00:00,1.2485,1.2835,007036,前海联合永兴纯债C
2019-12-13 00:00:00,1.2481,1.2831,007036,前海联合永兴纯债C
2019-12-12 00:00:00,1.2482,1.2832,007036,前海联合永兴纯债C
2019-12-11 00:00:00,1.2469,1.2819,007036,前海联合永兴纯债C
2019-12-10 00:00:00,1.2462,1.2812,007036,前海联合永兴纯债C
2019-12-09 00:00:00,1.2455,1.2805,007036,前海联合永兴纯债C
2019-12-06 00:00:00,1.2453,1.2803,007036,前海联合永兴纯债C
2019-12-05 00:00:00,1.2455,1.2805,007036,前海联合永兴纯债C
2019-12-04 00:00:00,1.2453,1.2803,007036,前海联合永兴纯债C
2019-12-03 00:00:00,1.2448,1.2798,007036,前海联合永兴纯债C
2019-12-02 00:00:00,1.2439,1.2789,007036,前海联合永兴纯债C
2019-11-29 00:00:00,1.2446,1.2796,007036,前海联合永兴纯债C
2019-11-28 00:00:00,1.2441,1.2791,007036,前海联合永兴纯债C
2019-11-27 00:00:00,1.2437,1.2787,007036,前海联合永兴纯债C
2019-11-26 00:00:00,1.2436,1.2786,007036,前海联合永兴纯债C
2019-12-24 00:00:00,1.2279,1.2279,007040,前海联合泳隆混合C
2019-12-23 00:00:00,1.2252,1.2252,007040,前海联合泳隆混合C
2019-12-20 00:00:00,1.2368,1.2368,007040,前海联合泳隆混合C
2019-12-19 00:00:00,1.2356,1.2356,007040,前海联合泳隆混合C
2019-12-18 00:00:00,1.2346,1.2346,007040,前海联合泳隆混合C
2019-12-17 00:00:00,1.2375,1.2375,007040,前海联合泳隆混合C
2019-12-16 00:00:00,1.2269,1.2269,007040,前海联合泳隆混合C
2019-12-13 00:00:00,1.2288,1.2288,007040,前海联合泳隆混合C
2019-12-12 00:00:00,1.211,1.211,007040,前海联合泳隆混合C
2019-12-11 00:00:00,1.2113,1.2113,007040,前海联合泳隆混合C
2019-12-10 00:00:00,1.2076,1.2076,007040,前海联合泳隆混合C
2019-12-09 00:00:00,1.2089,1.2089,007040,前海联合泳隆混合C
2019-12-06 00:00:00,1.2067,1.2067,007040,前海联合泳隆混合C
2019-12-05 00:00:00,1.2043,1.2043,007040,前海联合泳隆混合C
2019-12-04 00:00:00,1.2025,1.2025,007040,前海联合泳隆混合C
2019-12-03 00:00:00,1.2052,1.2052,007040,前海联合泳隆混合C
2019-12-02 00:00:00,1.2006,1.2006,007040,前海联合泳隆混合C
2019-11-29 00:00:00,1.1977,1.1977,007040,前海联合泳隆混合C
2019-11-28 00:00:00,1.2054,1.2054,007040,前海联合泳隆混合C
2019-11-27 00:00:00,1.2094,1.2094,007040,前海联合泳隆混合C
2019-11-26 00:00:00,1.2151,1.2151,007040,前海联合泳隆混合C
2019-12-24 00:00:00,1.2379,1.2379,007041,前海联合泳涛混合C
2019-12-23 00:00:00,1.2175,1.2175,007041,前海联合泳涛混合C
2019-12-20 00:00:00,1.242,1.242,007041,前海联合泳涛混合C
2019-12-19 00:00:00,1.2515,1.2515,007041,前海联合泳涛混合C
2019-12-18 00:00:00,1.2594,1.2594,007041,前海联合泳涛混合C
2019-12-17 00:00:00,1.2558,1.2558,007041,前海联合泳涛混合C
2019-12-16 00:00:00,1.2462,1.2462,007041,前海联合泳涛混合C
2019-12-13 00:00:00,1.2209,1.2209,007041,前海联合泳涛混合C
2019-12-12 00:00:00,1.2101,1.2101,007041,前海联合泳涛混合C
2019-12-11 00:00:00,1.2112,1.2112,007041,前海联合泳涛混合C
2019-12-10 00:00:00,1.2166,1.2166,007041,前海联合泳涛混合C
2019-12-09 00:00:00,1.1989,1.1989,007041,前海联合泳涛混合C
2019-12-06 00:00:00,1.1838,1.1838,007041,前海联合泳涛混合C
2019-12-05 00:00:00,1.1735,1.1735,007041,前海联合泳涛混合C
2019-12-04 00:00:00,1.1556,1.1556,007041,前海联合泳涛混合C
2019-12-03 00:00:00,1.1557,1.1557,007041,前海联合泳涛混合C
2019-12-02 00:00:00,1.1557,1.1557,007041,前海联合泳涛混合C
2019-11-29 00:00:00,1.1394,1.1394,007041,前海联合泳涛混合C
2019-11-28 00:00:00,1.141,1.141,007041,前海联合泳涛混合C
2019-11-27 00:00:00,1.146,1.146,007041,前海联合泳涛混合C
2019-11-26 00:00:00,1.1427,1.1427,007041,前海联合泳涛混合C
2019-12-24 00:00:00,1.2313,1.2313,007039,前海联合沪深300指数C
2019-12-23 00:00:00,1.2244,1.2244,007039,前海联合沪深300指数C
2019-12-20 00:00:00,1.2367,1.2367,007039,前海联合沪深300指数C
2019-12-19 00:00:00,1.2393,1.2393,007039,前海联合沪深300指数C
2019-12-18 00:00:00,1.2401,1.2401,007039,前海联合沪深300指数C
2019-12-17 00:00:00,1.2423,1.2423,007039,前海联合沪深300指数C
2019-12-16 00:00:00,1.2272,1.2272,007039,前海联合沪深300指数C
2019-12-13 00:00:00,1.2226,1.2226,007039,前海联合沪深300指数C
2019-12-12 00:00:00,1.2003,1.2003,007039,前海联合沪深300指数C
2019-12-11 00:00:00,1.2041,1.2041,007039,前海联合沪深300指数C
2019-12-10 00:00:00,1.2006,1.2006,007039,前海联合沪深300指数C
2019-12-09 00:00:00,1.2001,1.2001,007039,前海联合沪深300指数C
2019-12-06 00:00:00,1.2003,1.2003,007039,前海联合沪深300指数C
2019-12-05 00:00:00,1.1944,1.1944,007039,前海联合沪深300指数C
2019-12-04 00:00:00,1.1877,1.1877,007039,前海联合沪深300指数C
2019-12-03 00:00:00,1.188,1.188,007039,前海联合沪深300指数C
2019-12-02 00:00:00,1.1838,1.1838,007039,前海联合沪深300指数C
2019-11-29 00:00:00,1.1819,1.1819,007039,前海联合沪深300指数C
2019-11-28 00:00:00,1.1904,1.1904,007039,前海联合沪深300指数C
2019-11-27 00:00:00,1.194,1.194,007039,前海联合沪深300指数C
2019-11-26 00:00:00,1.1987,1.1987,007039,前海联合沪深300指数C
2019-12-24 00:00:00,1.0864,1.0864,007038,前海联合添惠纯债债券C
2019-12-23 00:00:00,1.0861,1.0861,007038,前海联合添惠纯债债券C
2019-12-20 00:00:00,1.0852,1.0852,007038,前海联合添惠纯债债券C
2019-12-19 00:00:00,1.0847,1.0847,007038,前海联合添惠纯债债券C
2019-12-18 00:00:00,1.0843,1.0843,007038,前海联合添惠纯债债券C
2019-12-17 00:00:00,1.0841,1.0841,007038,前海联合添惠纯债债券C
2019-12-16 00:00:00,1.084,1.084,007038,前海联合添惠纯债债券C
2019-12-13 00:00:00,1.0838,1.0838,007038,前海联合添惠纯债债券C
2019-12-12 00:00:00,1.0837,1.0837,007038,前海联合添惠纯债债券C
2019-12-11 00:00:00,1.0832,1.0832,007038,前海联合添惠纯债债券C
2019-12-10 00:00:00,1.0828,1.0828,007038,前海联合添惠纯债债券C
2019-12-09 00:00:00,1.0826,1.0826,007038,前海联合添惠纯债债券C
2019-12-06 00:00:00,1.082,1.082,007038,前海联合添惠纯债债券C
2019-12-05 00:00:00,1.0821,1.0821,007038,前海联合添惠纯债债券C
2019-12-04 00:00:00,1.0815,1.0815,007038,前海联合添惠纯债债券C
2019-12-03 00:00:00,1.0814,1.0814,007038,前海联合添惠纯债债券C
2019-12-02 00:00:00,1.0812,1.0812,007038,前海联合添惠纯债债券C
2019-11-29 00:00:00,1.081,1.081,007038,前海联合添惠纯债债券C
2019-11-28 00:00:00,1.081,1.081,007038,前海联合添惠纯债债券C
2019-11-27 00:00:00,1.0807,1.0807,007038,前海联合添惠纯债债券C
2019-11-26 00:00:00,1.0805,1.0805,007038,前海联合添惠纯债债券C
2019-12-24 00:00:00,1.0048,1.0048,007037,海富通聚合纯债
2019-12-23 00:00:00,1.0046,1.0046,007037,海富通聚合纯债
2019-12-20 00:00:00,1.0042,1.0042,007037,海富通聚合纯债
2019-12-19 00:00:00,1.0039,1.0039,007037,海富通聚合纯债
2019-12-18 00:00:00,1.0039,1.0039,007037,海富通聚合纯债
2019-12-17 00:00:00,1.0039,1.0039,007037,海富通聚合纯债
2019-12-16 00:00:00,1.0038,1.0038,007037,海富通聚合纯债
2019-12-13 00:00:00,1.0039,1.0039,007037,海富通聚合纯债
2019-12-12 00:00:00,1.0037,1.0037,007037,海富通聚合纯债
2019-12-11 00:00:00,1.003,1.003,007037,海富通聚合纯债
2019-12-10 00:00:00,1.003,1.003,007037,海富通聚合纯债
2019-12-09 00:00:00,1.0029,1.0029,007037,海富通聚合纯债
2019-12-06 00:00:00,1.0027,1.0027,007037,海富通聚合纯债
2019-12-05 00:00:00,1.0025,1.0025,007037,海富通聚合纯债
2019-12-04 00:00:00,1.0024,1.0024,007037,海富通聚合纯债
2019-12-03 00:00:00,1.0023,1.0023,007037,海富通聚合纯债
2019-12-02 00:00:00,1.0027,1.0027,007037,海富通聚合纯债
2019-11-29 00:00:00,1.0023,1.0023,007037,海富通聚合纯债
2019-11-22 00:00:00,1.002,1.002,007037,海富通聚合纯债
2019-11-15 00:00:00,1.0011,1.0011,007037,海富通聚合纯债
2019-11-08 00:00:00,1.0008,1.0008,007037,海富通聚合纯债
2019-12-24 00:00:00,1.2293,1.2293,007063,长盛研发回报混合
2019-12-23 00:00:00,1.2134,1.2134,007063,长盛研发回报混合
2019-12-20 00:00:00,1.2361,1.2361,007063,长盛研发回报混合
2019-12-19 00:00:00,1.2504,1.2504,007063,长盛研发回报混合
2019-12-18 00:00:00,1.2606,1.2606,007063,长盛研发回报混合
2019-12-17 00:00:00,1.263,1.263,007063,长盛研发回报混合
2019-12-16 00:00:00,1.2505,1.2505,007063,长盛研发回报混合
2019-12-13 00:00:00,1.2291,1.2291,007063,长盛研发回报混合
2019-12-12 00:00:00,1.2087,1.2087,007063,长盛研发回报混合
2019-12-11 00:00:00,1.2028,1.2028,007063,长盛研发回报混合
2019-12-10 00:00:00,1.2113,1.2113,007063,长盛研发回报混合
2019-12-09 00:00:00,1.1913,1.1913,007063,长盛研发回报混合
2019-12-06 00:00:00,1.1888,1.1888,007063,长盛研发回报混合
2019-12-05 00:00:00,1.1766,1.1766,007063,长盛研发回报混合
2019-12-04 00:00:00,1.1602,1.1602,007063,长盛研发回报混合
2019-12-03 00:00:00,1.1597,1.1597,007063,长盛研发回报混合
2019-12-02 00:00:00,1.149,1.149,007063,长盛研发回报混合
2019-11-29 00:00:00,1.1462,1.1462,007063,长盛研发回报混合
2019-11-28 00:00:00,1.1567,1.1567,007063,长盛研发回报混合
2019-11-27 00:00:00,1.1588,1.1588,007063,长盛研发回报混合
2019-11-26 00:00:00,1.1554,1.1554,007063,长盛研发回报混合
2019-12-24 00:00:00,1.0113,1.0113,007064,浦银安盛上清所优选短融指数A
2019-12-23 00:00:00,1.0112,1.0112,007064,浦银安盛上清所优选短融指数A
2019-12-20 00:00:00,1.0108,1.0108,007064,浦银安盛上清所优选短融指数A
2019-12-19 00:00:00,1.0107,1.0107,007064,浦银安盛上清所优选短融指数A
2019-12-18 00:00:00,1.0107,1.0107,007064,浦银安盛上清所优选短融指数A
2019-12-17 00:00:00,1.0106,1.0106,007064,浦银安盛上清所优选短融指数A
2019-12-16 00:00:00,1.0106,1.0106,007064,浦银安盛上清所优选短融指数A
2019-12-13 00:00:00,1.0104,1.0104,007064,浦银安盛上清所优选短融指数A
2019-12-12 00:00:00,1.0102,1.0102,007064,浦银安盛上清所优选短融指数A
2019-12-11 00:00:00,1.0102,1.0102,007064,浦银安盛上清所优选短融指数A
2019-12-10 00:00:00,1.0101,1.0101,007064,浦银安盛上清所优选短融指数A
2019-12-09 00:00:00,1.01,1.01,007064,浦银安盛上清所优选短融指数A
2019-12-06 00:00:00,1.0098,1.0098,007064,浦银安盛上清所优选短融指数A
2019-12-05 00:00:00,1.0097,1.0097,007064,浦银安盛上清所优选短融指数A
2019-12-04 00:00:00,1.0096,1.0096,007064,浦银安盛上清所优选短融指数A
2019-12-03 00:00:00,1.0094,1.0094,007064,浦银安盛上清所优选短融指数A
2019-12-02 00:00:00,1.0094,1.0094,007064,浦银安盛上清所优选短融指数A
2019-11-29 00:00:00,1.0091,1.0091,007064,浦银安盛上清所优选短融指数A
2019-11-28 00:00:00,1.009,1.009,007064,浦银安盛上清所优选短融指数A
2019-11-27 00:00:00,1.0088,1.0088,007064,浦银安盛上清所优选短融指数A
2019-11-26 00:00:00,1.0087,1.0087,007064,浦银安盛上清所优选短融指数A
2019-12-24 00:00:00,1.2982,1.2982,007089,国投瑞银中证500指数量化增强C
2019-12-23 00:00:00,1.2839,1.2839,007089,国投瑞银中证500指数量化增强C
2019-12-20 00:00:00,1.3098,1.3098,007089,国投瑞银中证500指数量化增强C
2019-12-19 00:00:00,1.3225,1.3225,007089,国投瑞银中证500指数量化增强C
2019-12-18 00:00:00,1.3191,1.3191,007089,国投瑞银中证500指数量化增强C
2019-12-17 00:00:00,1.3189,1.3189,007089,国投瑞银中证500指数量化增强C
2019-12-16 00:00:00,1.3015,1.3015,007089,国投瑞银中证500指数量化增强C
2019-12-13 00:00:00,1.283,1.283,007089,国投瑞银中证500指数量化增强C
2019-12-12 00:00:00,1.2715,1.2715,007089,国投瑞银中证500指数量化增强C
2019-12-11 00:00:00,1.2757,1.2757,007089,国投瑞银中证500指数量化增强C
2019-12-10 00:00:00,1.2782,1.2782,007089,国投瑞银中证500指数量化增强C
2019-12-09 00:00:00,1.2734,1.2734,007089,国投瑞银中证500指数量化增强C
2019-12-06 00:00:00,1.2686,1.2686,007089,国投瑞银中证500指数量化增强C
2019-12-05 00:00:00,1.2604,1.2604,007089,国投瑞银中证500指数量化增强C
2019-12-04 00:00:00,1.2519,1.2519,007089,国投瑞银中证500指数量化增强C
2019-12-03 00:00:00,1.2549,1.2549,007089,国投瑞银中证500指数量化增强C
2019-12-02 00:00:00,1.2506,1.2506,007089,国投瑞银中证500指数量化增强C
2019-11-29 00:00:00,1.2478,1.2478,007089,国投瑞银中证500指数量化增强C
2019-11-28 00:00:00,1.2443,1.2443,007089,国投瑞银中证500指数量化增强C
2019-11-27 00:00:00,1.2474,1.2474,007089,国投瑞银中证500指数量化增强C
2019-11-26 00:00:00,1.241,1.241,007089,国投瑞银中证500指数量化增强C
2019-12-24 00:00:00,1.0038,1.0038,007092,鑫元中债3-5年国开行债券指数A
2019-12-23 00:00:00,1.0034,1.0034,007092,鑫元中债3-5年国开行债券指数A
2019-12-20 00:00:00,1.0027,1.0027,007092,鑫元中债3-5年国开行债券指数A
2019-12-19 00:00:00,1.002,1.002,007092,鑫元中债3-5年国开行债券指数A
2019-12-18 00:00:00,1.0017,1.0017,007092,鑫元中债3-5年国开行债券指数A
2019-12-17 00:00:00,1.0017,1.0017,007092,鑫元中债3-5年国开行债券指数A
2019-12-16 00:00:00,1.0017,1.0017,007092,鑫元中债3-5年国开行债券指数A
2019-12-13 00:00:00,1.0016,1.0016,007092,鑫元中债3-5年国开行债券指数A
2019-12-06 00:00:00,1.0012,1.0012,007092,鑫元中债3-5年国开行债券指数A
2019-11-29 00:00:00,1.0008,1.0008,007092,鑫元中债3-5年国开行债券指数A
2019-11-22 00:00:00,1.0004,1.0004,007092,鑫元中债3-5年国开行债券指数A
2019-11-15 00:00:00,1,1,007092,鑫元中债3-5年国开行债券指数A
2019-12-24 00:00:00,1.0065,1.0282,007088,民生加银恒裕债券
2019-12-23 00:00:00,1.006,1.0277,007088,民生加银恒裕债券
2019-12-20 00:00:00,1.0047,1.0264,007088,民生加银恒裕债券
2019-12-19 00:00:00,1.0042,1.0259,007088,民生加银恒裕债券
2019-12-18 00:00:00,1.0038,1.0255,007088,民生加银恒裕债券
2019-12-17 00:00:00,1.0036,1.0253,007088,民生加银恒裕债券
2019-12-16 00:00:00,1.0037,1.0254,007088,民生加银恒裕债券
2019-12-13 00:00:00,1.0035,1.0252,007088,民生加银恒裕债券
2019-12-12 00:00:00,1.0034,1.0251,007088,民生加银恒裕债券
2019-12-11 00:00:00,1.0247,1.0247,007088,民生加银恒裕债券
2019-12-10 00:00:00,1.0246,1.0246,007088,民生加银恒裕债券
2019-12-09 00:00:00,1.0244,1.0244,007088,民生加银恒裕债券
2019-12-06 00:00:00,1.0243,1.0243,007088,民生加银恒裕债券
2019-12-05 00:00:00,1.0241,1.0241,007088,民生加银恒裕债券
2019-12-04 00:00:00,1.024,1.024,007088,民生加银恒裕债券
2019-12-03 00:00:00,1.0237,1.0237,007088,民生加银恒裕债券
2019-12-02 00:00:00,1.0235,1.0235,007088,民生加银恒裕债券
2019-11-29 00:00:00,1.0236,1.0236,007088,民生加银恒裕债券
2019-11-28 00:00:00,1.0232,1.0232,007088,民生加银恒裕债券
2019-11-27 00:00:00,1.0229,1.0229,007088,民生加银恒裕债券
2019-11-26 00:00:00,1.0227,1.0227,007088,民生加银恒裕债券
2019-12-24 00:00:00,1.0079,1.0079,007087,财通景利纯债债券
2019-12-23 00:00:00,1.0081,1.0081,007087,财通景利纯债债券
2019-12-20 00:00:00,1.0073,1.0073,007087,财通景利纯债债券
2019-12-19 00:00:00,1.0065,1.0065,007087,财通景利纯债债券
2019-12-18 00:00:00,1.0062,1.0062,007087,财通景利纯债债券
2019-12-17 00:00:00,1.006,1.006,007087,财通景利纯债债券
2019-12-16 00:00:00,1.0063,1.0063,007087,财通景利纯债债券
2019-12-13 00:00:00,1.0063,1.0063,007087,财通景利纯债债券
2019-12-12 00:00:00,1.0063,1.0063,007087,财通景利纯债债券
2019-12-11 00:00:00,1.0058,1.0058,007087,财通景利纯债债券
2019-12-10 00:00:00,1.0057,1.0057,007087,财通景利纯债债券
2019-12-09 00:00:00,1.0055,1.0055,007087,财通景利纯债债券
2019-12-06 00:00:00,1.0054,1.0054,007087,财通景利纯债债券
2019-12-05 00:00:00,1.0054,1.0054,007087,财通景利纯债债券
2019-12-04 00:00:00,1.0054,1.0054,007087,财通景利纯债债券
2019-12-03 00:00:00,1.0051,1.0051,007087,财通景利纯债债券
2019-12-02 00:00:00,1.0049,1.0049,007087,财通景利纯债债券
2019-11-29 00:00:00,1.0052,1.0052,007087,财通景利纯债债券
2019-11-28 00:00:00,1.0049,1.0049,007087,财通景利纯债债券
2019-11-27 00:00:00,1.0046,1.0046,007087,财通景利纯债债券
2019-11-26 00:00:00,1.0046,1.0046,007087,财通景利纯债债券
2019-12-24 00:00:00,1.0962,1.0962,007084,天治转型升级混合
2019-12-23 00:00:00,1.0901,1.0901,007084,天治转型升级混合
2019-12-20 00:00:00,1.0965,1.0965,007084,天治转型升级混合
2019-12-19 00:00:00,1.096,1.096,007084,天治转型升级混合
2019-12-18 00:00:00,1.0972,1.0972,007084,天治转型升级混合
2019-12-17 00:00:00,1.1052,1.1052,007084,天治转型升级混合
2019-12-16 00:00:00,1.0955,1.0955,007084,天治转型升级混合
2019-12-13 00:00:00,1.0921,1.0921,007084,天治转型升级混合
2019-12-12 00:00:00,1.0752,1.0752,007084,天治转型升级混合
2019-12-11 00:00:00,1.0778,1.0778,007084,天治转型升级混合
2019-12-10 00:00:00,1.0781,1.0781,007084,天治转型升级混合
2019-12-09 00:00:00,1.0786,1.0786,007084,天治转型升级混合
2019-12-06 00:00:00,1.0726,1.0726,007084,天治转型升级混合
2019-12-05 00:00:00,1.0636,1.0636,007084,天治转型升级混合
2019-12-04 00:00:00,1.0584,1.0584,007084,天治转型升级混合
2019-12-03 00:00:00,1.0594,1.0594,007084,天治转型升级混合
2019-12-02 00:00:00,1.0577,1.0577,007084,天治转型升级混合
2019-11-29 00:00:00,1.055,1.055,007084,天治转型升级混合
2019-11-28 00:00:00,1.0676,1.0676,007084,天治转型升级混合
2019-11-27 00:00:00,1.072,1.072,007084,天治转型升级混合
2019-11-26 00:00:00,1.0771,1.0771,007084,天治转型升级混合
2019-12-24 00:00:00,1.1187,1.1187,007085,招商瑞庆混合C
2019-12-23 00:00:00,1.1171,1.1171,007085,招商瑞庆混合C
2019-12-20 00:00:00,1.1185,1.1185,007085,招商瑞庆混合C
2019-12-19 00:00:00,1.119,1.119,007085,招商瑞庆混合C
2019-12-18 00:00:00,1.1183,1.1183,007085,招商瑞庆混合C
2019-12-17 00:00:00,1.1189,1.1189,007085,招商瑞庆混合C
2019-12-16 00:00:00,1.1183,1.1183,007085,招商瑞庆混合C
2019-12-13 00:00:00,1.1176,1.1176,007085,招商瑞庆混合C
2019-12-12 00:00:00,1.1158,1.1158,007085,招商瑞庆混合C
2019-12-11 00:00:00,1.1162,1.1162,007085,招商瑞庆混合C
2019-12-10 00:00:00,1.1166,1.1166,007085,招商瑞庆混合C
2019-12-09 00:00:00,1.1163,1.1163,007085,招商瑞庆混合C
2019-12-06 00:00:00,1.1151,1.1151,007085,招商瑞庆混合C
2019-12-05 00:00:00,1.1144,1.1144,007085,招商瑞庆混合C
2019-12-04 00:00:00,1.1133,1.1133,007085,招商瑞庆混合C
2019-12-03 00:00:00,1.1132,1.1132,007085,招商瑞庆混合C
2019-12-02 00:00:00,1.1125,1.1125,007085,招商瑞庆混合C
2019-11-29 00:00:00,1.1121,1.1121,007085,招商瑞庆混合C
2019-11-28 00:00:00,1.1121,1.1121,007085,招商瑞庆混合C
2019-11-27 00:00:00,1.1133,1.1133,007085,招商瑞庆混合C
2019-11-26 00:00:00,1.1135,1.1135,007085,招商瑞庆混合C
2019-12-24 00:00:00,1.0034,1.0034,007093,鑫元中债3-5年国开行债券指数C
2019-12-23 00:00:00,1.0031,1.0031,007093,鑫元中债3-5年国开行债券指数C
2019-12-20 00:00:00,1.0024,1.0024,007093,鑫元中债3-5年国开行债券指数C
2019-12-19 00:00:00,1.0017,1.0017,007093,鑫元中债3-5年国开行债券指数C
2019-12-18 00:00:00,1.0017,1.0017,007093,鑫元中债3-5年国开行债券指数C
2019-12-17 00:00:00,1.0016,1.0016,007093,鑫元中债3-5年国开行债券指数C
2019-12-16 00:00:00,1.0017,1.0017,007093,鑫元中债3-5年国开行债券指数C
2019-12-13 00:00:00,1.0015,1.0015,007093,鑫元中债3-5年国开行债券指数C
2019-12-06 00:00:00,1.0011,1.0011,007093,鑫元中债3-5年国开行债券指数C
2019-11-29 00:00:00,1.0008,1.0008,007093,鑫元中债3-5年国开行债券指数C
2019-11-22 00:00:00,1.0004,1.0004,007093,鑫元中债3-5年国开行债券指数C
2019-11-15 00:00:00,1,1,007093,鑫元中债3-5年国开行债券指数C
2019-12-24 00:00:00,1.0192,1.0342,007094,建信中债3-5年国开行债券指数A
2019-12-23 00:00:00,1.0185,1.0335,007094,建信中债3-5年国开行债券指数A
2019-12-20 00:00:00,1.0178,1.0328,007094,建信中债3-5年国开行债券指数A
2019-12-19 00:00:00,1.0166,1.0316,007094,建信中债3-5年国开行债券指数A
2019-12-18 00:00:00,1.0162,1.0312,007094,建信中债3-5年国开行债券指数A
2019-12-17 00:00:00,1.0161,1.0311,007094,建信中债3-5年国开行债券指数A
2019-12-16 00:00:00,1.0166,1.0316,007094,建信中债3-5年国开行债券指数A
2019-12-13 00:00:00,1.0312,1.0312,007094,建信中债3-5年国开行债券指数A
2019-12-12 00:00:00,1.0315,1.0315,007094,建信中债3-5年国开行债券指数A
2019-12-11 00:00:00,1.0299,1.0299,007094,建信中债3-5年国开行债券指数A
2019-12-10 00:00:00,1.0297,1.0297,007094,建信中债3-5年国开行债券指数A
2019-12-09 00:00:00,1.0294,1.0294,007094,建信中债3-5年国开行债券指数A
2019-12-06 00:00:00,1.0295,1.0295,007094,建信中债3-5年国开行债券指数A
2019-12-05 00:00:00,1.0297,1.0297,007094,建信中债3-5年国开行债券指数A
2019-12-04 00:00:00,1.0294,1.0294,007094,建信中债3-5年国开行债券指数A
2019-12-03 00:00:00,1.0289,1.0289,007094,建信中债3-5年国开行债券指数A
2019-12-02 00:00:00,1.0285,1.0285,007094,建信中债3-5年国开行债券指数A
2019-11-29 00:00:00,1.0284,1.0284,007094,建信中债3-5年国开行债券指数A
2019-11-28 00:00:00,1.0281,1.0281,007094,建信中债3-5年国开行债券指数A
2019-11-27 00:00:00,1.0277,1.0277,007094,建信中债3-5年国开行债券指数A
2019-11-26 00:00:00,1.0272,1.0272,007094,建信中债3-5年国开行债券指数A
2019-12-24 00:00:00,1.1214,1.1214,007099,安信尊享添益债券C
2019-12-23 00:00:00,1.1206,1.1206,007099,安信尊享添益债券C
2019-12-20 00:00:00,1.1205,1.1205,007099,安信尊享添益债券C
2019-12-19 00:00:00,1.1203,1.1203,007099,安信尊享添益债券C
2019-12-18 00:00:00,1.1203,1.1203,007099,安信尊享添益债券C
2019-12-17 00:00:00,1.1203,1.1203,007099,安信尊享添益债券C
2019-12-16 00:00:00,1.1198,1.1198,007099,安信尊享添益债券C
2019-12-13 00:00:00,1.119,1.119,007099,安信尊享添益债券C
2019-12-12 00:00:00,1.1184,1.1184,007099,安信尊享添益债券C
2019-12-11 00:00:00,1.1178,1.1178,007099,安信尊享添益债券C
2019-12-10 00:00:00,1.1175,1.1175,007099,安信尊享添益债券C
2019-12-09 00:00:00,1.1173,1.1173,007099,安信尊享添益债券C
2019-12-06 00:00:00,1.1168,1.1168,007099,安信尊享添益债券C
2019-12-05 00:00:00,1.1165,1.1165,007099,安信尊享添益债券C
2019-12-04 00:00:00,1.1159,1.1159,007099,安信尊享添益债券C
2019-12-03 00:00:00,1.1158,1.1158,007099,安信尊享添益债券C
2019-12-02 00:00:00,1.1159,1.1159,007099,安信尊享添益债券C
2019-11-29 00:00:00,1.1154,1.1154,007099,安信尊享添益债券C
2019-11-28 00:00:00,1.1153,1.1153,007099,安信尊享添益债券C
2019-11-27 00:00:00,1.1152,1.1152,007099,安信尊享添益债券C
2019-11-26 00:00:00,1.1151,1.1151,007099,安信尊享添益债券C
